{"": 0.07482108002602472, "agro_industria_e_comercio": 0.03398058252427184, "alimentos": 0.07014028056112225, "alimentos_bebidas": 0.040892193308550186, "artes": 0.06091370558375635, "artes_e_artesanato": 0.041666666666666664, "artigos_de_festas": 0.0, "artigos_de_natal": 0.1, "audio": 0.11602209944751381, "automotivo": 0.07028985507246377, "bebes": 0.07679409792085848, "bebidas": 0.0443213296398892, "beleza_saude": 0.07564712097200212, "brinquedos": 0.06352357320099256, "cama_mesa_banho": 0.0703003743266685, "casa_conforto": 0.09324009324009325, "casa_conforto_2": 0.13333333333333333, "casa_construcao": 0.0587248322147651, "cds_dvds_musicais": 0.0, "cine_foto": 0.05714285714285714, "climatizacao": 0.03806228373702422, "consoles_games": 0.05876951331496786, "construcao_ferramentas_construcao": 0.06331877729257641, "construcao_ferramentas_ferramentas": 0.05825242718446602, "construcao_ferramentas_iluminacao": 0.07308970099667775, "construcao_ferramentas_jardim": 0.05603448275862069, "construcao_ferramentas_seguranca": 0.0273224043715847, "cool_stuff": 0.05836471221086606, "dvds_blu_ray": 0.06557377049180328, "eletrodomesticos": 0.04509283819628647, "eletrodomesticos_2": 0.06060606060606061, "eletronicos": 0.07585196042506413, "eletroportateis": 0.04559270516717325, "esporte_lazer": 0.06310046257857906, "fashion_bolsas_e_acessorios": 0.05289672544080604, "fashion_calcados": 0.042801556420233464, "fashion_esporte": 0.034482758620689655, "fashion_roupa_feminina": 0.06666666666666667, "fashion_roupa_infanto_juvenil": 0.0, "fashion_roupa_masculina": 0.056, "fashion_underwear_e_moda_praia": 0.09448818897637795, "ferramentas_jardim": 0.06560449859418932, "flores": 0.030303030303030304, "fraldas_higiene": 0.0, "industria_comercio_e_negocios": 0.06415094339622641, "informatica_acessorios": 0.06488749345892203, "instrumentos_musicais": 0.07373271889400922, "la_cuisine": 0.0, "livros_importados": 0.03508771929824561, "livros_interesse_geral": 0.061452513966480445, "livros_tecnicos": 0.07984790874524715, "malas_acessorios": 0.04178272980501393, "market_place": 0.036065573770491806, "moveis_colchao_e_estofado": 0.13513513513513514, "moveis_cozinha_area_de_servico_jantar_e_jardim": 0.043795620437956206, "moveis_decoracao": 0.07034313725490196, "moveis_escritorio": 0.07973621103117506, "moveis_quarto": 0.06796116504854369, "moveis_sala": 0.0707070707070707, "musica": 0.05263157894736842, "papelaria": 0.06772100567721005, "pc_gamer": 0.0, "pcs": 0.05025125628140704, "perfumaria": 0.06497005988023952, "pet_shop": 0.04937629937629938, "portateis_casa_forno_e_cafe": 0.0547945205479452, "portateis_cozinha_e_preparadores_de_alimentos": 0.07142857142857142, "relogios_presentes": 0.07202594299368494, "seguros_e_servicos": 0.0, "sinalizacao_e_seguranca": 0.04060913705583756, "tablets_impressao_imagem": 0.060240963855421686, "telefonia": 0.06952595936794582, "telefonia_fixa": 0.0392156862745098, "utilidades_domesticas": 0.05003679175864607}