{"AM_AL": 1.0, "AM_MA": 0.0, "AM_MG": 0.0, "BA_AC": 1.0, "BA_AL": 0.0, "BA_AM": 0.0, "BA_AP": 0.0, "BA_BA": 0.08108108108108109, "BA_CE": 0.14285714285714285, "BA_DF": 0.0, "BA_ES": 0.0, "BA_GO": 0.0, "BA_MA": 0.058823529411764705, "BA_MG": 0.0, "BA_MS": 0.0, "BA_MT": 0.0, "BA_PA": 0.09090909090909091, "BA_PB": 0.1, "BA_PE": 0.05714285714285714, "BA_PI": 0.0, "BA_PR": 0.07692307692307693, "BA_RJ": 0.043010752688172046, "BA_RN": 0.2, "BA_RO": 0.0, "BA_RR": 0.0, "BA_RS": 0.023809523809523808, "BA_SC": 0.07692307692307693, "BA_SE": 0.0, "BA_SP": 0.03333333333333333, "BA_TO": 0.0, "CE_AL": 0.0, "CE_AM": 1.0, "CE_BA": 0.0, "CE_CE": 0.0, "CE_DF": 0.0, "CE_ES": 0.0, "CE_GO": 0.0, "CE_MA": 0.0, "CE_MG": 0.0, "CE_MS": 0.0, "CE_MT": 0.0, "CE_PA": 0.3333333333333333, "CE_PE": 0.14285714285714285, "CE_PI": 0.3333333333333333, "CE_PR": 0.0, "CE_RJ": 0.1, "CE_RN": 0.0, "CE_RO": 0.0, "CE_RS": 0.0, "CE_SC": 0.0, "CE_SE": 0.0, "CE_SP": 0.041666666666666664, "DF_AC": 0.0, "DF_AL": 0.0, "DF_BA": 0.05263157894736842, "DF_CE": 0.2857142857142857, "DF_DF": 0.08196721311475409, "DF_ES": 0.3181818181818182, "DF_GO": 0.0, "DF_MA": 0.0, "DF_MG": 0.009259259259259259, "DF_MS": 0.0, "DF_MT": 0.15384615384615385, "DF_PA": 0.0, "DF_PB": 0.25, "DF_PE": 0.0, "DF_PI": 0.25, "DF_PR": 0.0, "DF_RJ": 0.08571428571428572, "DF_RN": 0.2857142857142857, "DF_RS": 0.13043478260869565, "DF_SC": 0.19230769230769232, "DF_SE": 0.3333333333333333, "DF_SP": 0.02127659574468085, "DF_TO": 0.2, "ES_BA": 0.0, "ES_CE": 0.0, "ES_DF": 0.0, "ES_ES": 0.2222222222222222, "ES_GO": 0.0, "ES_MA": 0.0, "ES_MG": 0.0, "ES_MT": 0.0, "ES_PA": 0.3333333333333333, "ES_PE": 0.0, "ES_PI": 0.0, "ES_PR": 0.0, "ES_RJ": 0.08333333333333333, "ES_RN": 0.0, "ES_RO": 0.0, "ES_RS": 0.09523809523809523, "ES_SC": 0.07692307692307693, "ES_SP": 0.07758620689655173, "ES_TO": 0.0, "GO_AC": 0.0, "GO_AL": 0.0, "GO_AM": 0.0, "GO_AP": 0.0, "GO_BA": 0.0, "GO_CE": 0.0, "GO_DF": 0.06896551724137931, "GO_ES": 0.0, "GO_GO": 0.0, "GO_MA": 0.0, "GO_MG": 0.0, "GO_MS": 0.0, "GO_MT": 0.0, "GO_PA": 0.0, "GO_PB": 0.14285714285714285, "GO_PE": 0.2, "GO_PI": 0.0, "GO_PR": 0.0625, "GO_RJ": 0.05, "GO_RN": 0.0, "GO_RO": 0.0, "GO_RS": 0.08333333333333333, "GO_SC": 0.09090909090909091, "GO_SP": 0.014598540145985401, "GO_TO": 0.0, "MA_AC": 0.0, "MA_AL": 0.75, "MA_AM": 0.0, "MA_AP": 0.0, "MA_BA": 0.2, "MA_CE": 0.1111111111111111, "MA_DF": 0.17857142857142858, "MA_ES": 0.46153846153846156, "MA_GO": 0.29411764705882354, "MA_MA": 0.3333333333333333, "MA_MG": 0.125, "MA_MS": 0.0, "MA_MT": 0.25, "MA_PA": 0.2, "MA_PB": 0.25, "MA_PE": 0.13636363636363635, "MA_PI": 0.2, "MA_PR": 0.3333333333333333, "MA_RJ": 0.047619047619047616, "MA_RN": 0.0, "MA_RS": 0.11764705882352941, "MA_SC": 0.1, "MA_SE": 0.6, "MA_SP": 0.2153846153846154, "MA_TO": 0.0, "MG_AC": 0.0, "MG_AL": 0.15789473684210525, "MG_AM": 0.0, "MG_AP": 0.0, "MG_BA": 0.09200968523002422, "MG_CE": 0.1111111111111111, "MG_DF": 0.027777777777777776, "MG_ES": 0.06467661691542288, "MG_GO": 0.029585798816568046, "MG_MA": 0.16417910447761194, "MG_MG": 0.02456560814859197, "MG_MS": 0.043478260869565216, "MG_MT": 0.0625, "MG_PA": 0.15217391304347827, "MG_PB": 0.1896551724137931, "MG_PE": 0.06956521739130435, "MG_PI": 0.030303030303030304, "MG_PR": 0.009708737864077669, "MG_RJ": 0.08, "MG_RN": 0.0, "MG_RO": 0.0, "MG_RR": 0.0, "MG_RS": 0.041935483870967745, "MG_SC": 0.060498220640569395, "MG_SE": 0.12195121951219512, "MG_SP": 0.034114403859407304, "MG_TO": 0.125, "MS_AC": 0.0, "MS_BA": 0.6666666666666666, "MS_DF": 0.0, "MS_GO": 0.0, "MS_MG": 0.0, "MS_MT": 0.0, "MS_PR": 0.0, "MS_RJ": 0.0, "MS_RS": 0.0, "MS_SC": 0.0, "MS_SP": 0.05263157894736842, "MT_BA": 0.0, "MT_CE": 0.0, "MT_DF": 0.0, "MT_ES": 0.0, "MT_GO": 0.0, "MT_MA": 0.0, "MT_MG": 0.0, "MT_MS": 0.0, "MT_MT": 0.0, "MT_PA": 0.0, "MT_PB": 0.0, "MT_PE": 0.5, "MT_PR": 0.0, "MT_RJ": 0.14285714285714285, "MT_RN": 0.0, "MT_RO": 0.0, "MT_RS": 0.0, "MT_SC": 0.0, "MT_SP": 0.029411764705882353, "PA_MG": 0.0, "PA_PR": 0.0, "PA_SP": 0.0, "PB_AL": 0.0, "PB_BA": 0.0, "PB_CE": 0.0, "PB_DF": 0.0, "PB_ES": 0.0, "PB_GO": 0.0, "PB_MA": 0.0, "PB_MG": 0.0, "PB_MT": 0.0, "PB_PA": 0.0, "PB_PB": 0.0, "PB_PE": 0.0, "PB_RJ": 0.1111111111111111, "PB_RN": 0.0, "PB_SE": 0.0, "PB_SP": 0.0, "PE_AL": 0.1111111111111111, "PE_AP": 0.0, "PE_BA": 0.0, "PE_CE": 0.058823529411764705, "PE_DF": 0.06666666666666667, "PE_ES": 0.0, "PE_GO": 0.0, "PE_MA": 0.0, "PE_MG": 0.0, "PE_MS": 0.0, "PE_MT": 0.0, "PE_PA": 0.0, "PE_PB": 0.0, "PE_PE": 0.041666666666666664, "PE_PI": 0.25, "PE_PR": 0.1111111111111111, "PE_RJ": 0.05660377358490566, "PE_RN": 0.0, "PE_RO": 0.0, "PE_RS": 0.14285714285714285, "PE_SC": 0.1, "PE_SE": 0.0, "PE_SP": 0.01904761904761905, "PE_TO": 0.0, "PI_CE": 0.0, "PI_MA": 0.0, "PI_MG": 0.0, "PI_PB": 0.0, "PI_PE": 0.0, "PI_PI": 0.0, "PI_PR": 0.0, "PI_SC": 0.0, "PI_SP": 0.0, "PR_AC": 0.0, "PR_AL": 0.32558139534883723, "PR_AM": 0.0, "PR_AP": 0.0, "PR_BA": 0.13496932515337423, "PR_CE": 0.125, "PR_DF": 0.03409090909090909, "PR_ES": 0.07692307692307693, "PR_GO": 0.0449438202247191, "PR_MA": 0.15555555555555556, "PR_MG": 0.04108108108108108, "PR_MS": 0.030303030303030304, "PR_MT": 0.043478260869565216, "PR_PA": 0.10344827586206896, "PR_PB": 0.13043478260869565, "PR_PE": 0.10204081632653061, "PR_PI": 0.0, "PR_PR": 0.02608695652173913, "PR_RJ": 0.11121076233183856, "PR_RN": 0.15, "PR_RO": 0.0, "PR_RR": 0.0, "PR_RS": 0.03795620437956204, "PR_SC": 0.06320541760722348, "PR_SE": 0.18181818181818182, "PR_SP": 0.03173652694610778, "PR_TO": 0.11764705882352941, "RJ_AC": 0.0, "RJ_AL": 0.15384615384615385, "RJ_AM": 0.0, "RJ_AP": 0.0, "RJ_BA": 0.1056338028169014, "RJ_CE": 0.23214285714285715, "RJ_DF": 0.10909090909090909, "RJ_ES": 0.018018018018018018, "RJ_GO": 0.056, "RJ_MA": 0.1, "RJ_MG": 0.058823529411764705, "RJ_MS": 0.09302325581395349, "RJ_MT": 0.06451612903225806, "RJ_PA": 0.05128205128205128, "RJ_PB": 0.0, "RJ_PE": 0.09523809523809523, "RJ_PI": 0.1111111111111111, "RJ_PR": 0.0735930735930736, "RJ_RJ": 0.045202952029520294, "RJ_RN": 0.13636363636363635, "RJ_RO": 0.15384615384615385, "RJ_RS": 0.0867579908675799, "RJ_SC": 0.09022556390977443, "RJ_SE": 0.15789473684210525, "RJ_SP": 0.0727891156462585, "RJ_TO": 0.0625, "RN_AL": 0.0, "RN_BA": 0.2, "RN_CE": 0.25, "RN_DF": 0.0, "RN_MG": 0.0, "RN_PA": 0.0, "RN_PB": 0.0, "RN_PR": 0.25, "RN_RJ": 0.0, "RN_RN": 0.0, "RN_RS": 0.2, "RN_SC": 0.0, "RN_SP": 0.0, "RO_BA": 0.0, "RO_ES": 0.0, "RO_PR": 0.0, "RO_RJ": 0.0, "RO_RS": 0.0, "RO_SE": 0.0, "RO_SP": 0.0, "RS_AC": 0.0, "RS_AL": 0.0, "RS_AM": 0.0, "RS_AP": 0.0, "RS_BA": 0.12244897959183673, "RS_CE": 0.07142857142857142, "RS_DF": 0.04081632653061224, "RS_ES": 0.034482758620689655, "RS_GO": 0.0, "RS_MA": 0.3333333333333333, "RS_MG": 0.013824884792626729, "RS_MS": 0.0, "RS_MT": 0.03571428571428571, "RS_PA": 0.043478260869565216, "RS_PB": 0.0, "RS_PE": 0.1111111111111111, "RS_PI": 0.0, "RS_PR": 0.0472972972972973, "RS_RJ": 0.07604562737642585, "RS_RN": 0.0, "RS_RO": 0.0, "RS_RS": 0.037383177570093455, "RS_SC": 0.0, "RS_SE": 0.125, "RS_SP": 0.010680907877169559, "RS_TO": 0.0, "SC_AC": 0.0, "SC_AL": 0.0, "SC_AM": 0.0, "SC_AP": 0.0, "SC_BA": 0.1125, "SC_CE": 0.18181818181818182, "SC_DF": 0.0, "SC_ES": 0.037037037037037035, "SC_GO": 0.05194805194805195, "SC_MA": 0.18181818181818182, "SC_MG": 0.03361344537815126, "SC_MS": 0.03225806451612903, "SC_MT": 0.14285714285714285, "SC_PA": 0.09523809523809523, "SC_PB": 0.15, "SC_PE": 0.05128205128205128, "SC_PI": 0.10526315789473684, "SC_PR": 0.021671826625386997, "SC_RJ": 0.09227871939736347, "SC_RN": 0.07142857142857142, "SC_RO": 0.0, "SC_RS": 0.046583850931677016, "SC_SC": 0.053691275167785234, "SC_SE": 0.058823529411764705, "SC_SP": 0.03496973772696705, "SC_TO": 0.0, "SE_ES": 0.0, "SE_GO": 0.0, "SE_PA": 0.0, "SE_PE": 0.0, "SE_PR": 0.0, "SE_RJ": 0.0, "SE_SP": 0.0, "SP_AC": 0.030303030303030304, "SP_AL": 0.2271062271062271, "SP_AM": 0.03669724770642202, "SP_AP": 0.04918032786885246, "SP_BA": 0.12757044935262757, "SP_CE": 0.13657195233730524, "SP_DF": 0.06517571884984026,